student_id,day_of_week,meal_time,meal_type,is_weekend,class_day,assignment_deadline,temperature,humidity,windspeed,rain,airquality,rising_time,sleeping_time,mess_duration
bt22btech11030,3,0,0,0,0,0,24.440599409765397,47.79972601681013,1.1616722433639892,0.0,156.21088666940682,449,1372,13
me24btech11016,3,1,1,0,0,0,31.59451092344692,89.61057796456087,12.349630192554331,0.0,53.45936375621236,358,1361,45
ma24btech11014,5,2,1,1,1,0,42.797440155188966,42.32252063599989,12.150897038028766,0.0,192.33283058799998,313,1433,54
ch24btech11050,1,2,1,0,0,0,31.971165109398004,64.75884550556351,0.6877704223043679,0.0,149.3783426530973,301,1325,56
ee24btech11043,3,1,0,0,0,1,31.093191580269313,86.09371175115584,1.76985004103839,0.0,98.79954961448965,507,1428,38
me24btech11029,3,0,0,0,0,0,34.40880519474305,48.263346953150126,0.3127281348238786,0.0,94.02322620770572,362,1330,17
ai23btech11007,2,2,0,0,0,0,31.057935061630083,85.74798377718903,17.000771555795986,0.0,105.62273782973995,361,1407,39
cs22btech11047,3,1,0,0,0,0,32.98522323089538,59.14634373768949,19.434241907782074,17.129362661055595,85.39773796234337,582,1328,49
ma23btech11015,1,1,1,0,0,0,30.435235341190857,55.717799053816336,10.171413823294056,0.0,111.55743845534445,470,1348,33
ce22btech11035,6,2,0,1,1,0,28.504963247670663,86.48488261712865,16.16240759128834,13.034671373698046,170.55081153486717,343,1403,61
ee23btech11024,0,2,1,0,0,0,28.039459234339212,80.90073829612466,17.214611665126867,0.0,112.61165047231685,464,1416,53
ch24btech11022,3,2,0,0,0,0,22.682425259339407,65.9395310871683,14.060379177903556,7.908962445206585,194.3670942413167,594,1321,34
ce22btech11029,4,0,1,0,0,0,30.301151049705133,42.57393756249947,5.572929284732229,0.0,71.73423081368347,471,1409,20
ee23btech11023,6,2,0,1,1,0,42.316210562426434,52.10799691387129,16.062795127597916,9.93571205447473,109.82366636668296,539,1335,48
bt22btech11015,2,1,1,0,0,0,38.53302476839231,40.829391446392805,10.24186116598562,0.0,76.15496435074871,427,1358,47
ma25btech11031,1,2,0,0,0,1,34.3679470781769,52.89708138575778,13.19968092068358,0.0,129.44758675340097,301,1320,42
ee24btech11002,4,2,0,0,0,0,36.49698407132244,84.85551299762886,17.741728485302346,0.0,62.62099474925732,403,1403,37
ai24btech11009,5,0,0,1,1,1,25.664269219752235,54.19604873687329,6.1072772068878685,0.0,199.1686193916231,460,1387,13
cs24btech11036,6,2,0,1,1,0,33.17120148132145,71.81663090929477,5.009236372111683,12.207546103650333,123.01132294391827,563,1346,50
ch24btech11023,6,0,0,1,1,0,45.3054760718913,64.95966899423762,11.440083984183662,0.0,199.18257661960115,457,1412,34
ce24btech11004,2,0,0,0,0,1,32.366188122867726,88.18099885446264,17.060189109347203,0.0,177.67050072752852,555,1386,10
ee24btech11013,1,2,1,0,0,0,29.635855436715637,50.445935880768005,13.422870336481012,0.0,94.29358826284081,572,1423,35
me23btech11046,2,1,1,0,0,0,26.665283125217435,52.8103471797229,12.23027421731361,0.0,144.18416224229543,319,1384,37
bt23btech11027,5,1,1,1,1,1,21.540908718748483,41.38083859368523,11.577297910151174,0.0,99.22290012120979,485,1382,48
ai23btech11001,2,0,0,0,0,1,36.05199316568319,49.71900169974365,8.227078101133571,0.0,69.91181333644548,423,1425,21
ee22btech11048,6,2,1,1,1,0,29.243820172538854,52.543026367333056,3.686673486627401,0.0,153.27498511480496,428,1377,38
ai24btech11041,5,1,1,1,1,0,30.919277572047793,65.83481287132832,13.142226570003338,9.27778507487993,57.15741915374732,453,1335,57
ce24btech11002,0,0,1,0,0,0,32.88948567549417,44.70784941342801,6.228266187825884,0.0,52.574165274762535,338,1419,15
me22btech11016,5,0,0,1,1,0,30.00906805597338,66.96887242000312,13.679275387962821,12.701172123408362,191.63773956877512,459,1410,32
ma25btech11028,0,0,0,0,0,0,33.77967640895826,87.07324043882626,7.722052756015485,19.26262071265437,79.36867021839447,311,1414,33
ai22btech11040,2,1,0,0,0,0,24.22242044955258,74.08068344863949,6.8124913892848005,0.0,153.93355380379091,413,1428,37
cs22btech11022,3,0,0,0,0,1,37.85055311019427,67.39859416240436,8.469418846162371,0.0,159.74716329494603,335,1401,10
ai25btech11005,6,0,0,1,1,0,36.52739403577164,56.00248005153058,17.91046456992401,0.0,185.80729646288955,375,1328,26
ee25btech11017,6,0,0,1,1,0,30.105019208163796,56.4332272684958,13.450369121540769,15.29511605931592,168.4427214191831,408,1372,40
cs24btech11001,6,1,0,1,1,0,39.06833287939454,88.43259719870674,13.76060020350078,16.902313610510102,175.77211456459776,473,1332,53
me23btech11046,1,2,1,0,0,0,32.022914475587626,65.66630843461965,4.664561448490556,12.044802927308863,182.05399529576252,444,1390,61
ma22btech11002,3,1,1,0,0,0,31.554537827990025,61.21110046234881,18.12708770189472,0.0,51.70304671511286,519,1377,49
me24btech11043,4,2,0,0,0,0,37.37678108474776,74.05197135484545,4.750129425849399,0.0,62.43369825400313,416,1325,46
me23btech11038,4,2,0,0,0,0,34.217870113901725,43.77172735448846,3.3243086381850584,0.0,199.3747062544056,353,1437,34
ce25btech11020,0,2,1,0,0,1,24.668392608800158,42.89319488788537,7.890435972162598,0.0,75.45198558433484,463,1409,36
bt24btech11031,1,0,0,0,0,0,27.525532862173595,53.988175358447286,8.224134417443725,0.0,69.97776878356245,334,1325,16
ce24btech11025,4,2,0,0,0,0,29.75260223608401,86.63642416770065,17.321277790008168,0.0,106.46950503170744,364,1337,49
ce23btech11025,2,0,1,0,0,0,29.42730077373691,60.74097511688326,5.468141438614125,2.071134436367615,171.93515136951163,432,1421,14
ma23btech11028,6,0,0,1,1,1,36.18908155986731,82.48236953387058,4.946962034863953,0.0,193.10765408880835,504,1323,25
ai23btech11016,1,2,1,0,0,0,12.609153931817218,81.56857450312506,6.1555447954209885,16.511328969048186,63.261233504846984,550,1376,56
ma22btech11031,6,2,0,1,1,0,28.658684690252436,75.20398840496118,4.259283230178214,0.0,102.58813382098955,397,1401,56
ai23btech11023,1,0,1,0,0,0,28.6837914371402,66.18011380075056,13.952837429869266,0.0,176.31371225280645,572,1403,19
ma22btech11045,1,1,0,0,0,0,32.67404645040634,50.45653955392571,11.592998689434769,0.0,119.01787384753581,394,1394,45
cs25btech11013,3,0,0,0,0,1,32.33889773103855,70.09676977704801,4.476981318126412,0.0,102.14288217240252,321,1340,15
me24btech11025,3,1,1,0,0,0,30.075321907894974,65.17086354274284,13.807896572587307,1.7469306569808798,144.18505842363618,538,1375,40
ch24btech11009,4,0,1,0,0,1,30.90753488813655,89.31284979334076,10.73181291974665,0.0,163.99331134063783,377,1407,10
ee23btech11001,2,2,0,0,0,0,26.123841031661563,82.22203363168144,14.992324640171748,1.578970901938289,103.12200061896883,314,1383,59
bt24btech11006,3,1,0,0,0,0,26.767135578787368,45.98810659096256,17.8105456147979,0.0,168.37568579110075,408,1337,41
cs23btech11005,6,1,1,1,1,0,24.592259981928024,69.32677173303796,11.289170850452825,0.0,184.94710957175184,525,1378,49
ch22btech11037,0,0,1,0,0,0,28.96880520522067,82.5408758918073,1.7577524908028774,0.0,176.34710529472724,542,1350,19
ma24btech11027,3,2,1,0,0,0,18.610247910947212,88.47352166376845,17.310142517879605,0.0,75.63313810850987,361,1376,36
ma23btech11050,1,2,0,0,0,0,27.177214983652124,61.271821930820835,10.1522075736891,0.0,141.59300636624488,337,1356,45
ai22btech11026,3,0,0,0,0,0,24.989766381856327,58.46152407549481,9.085359444381993,0.0,80.25956934953538,467,1321,18
me25btech11038,6,0,0,1,1,0,26.38330458774383,60.592045707363425,6.9773653308599055,18.66105374070869,194.7540365999769,436,1353,35
ee24btech11044,0,1,1,0,0,1,42.169240392012085,46.988618831314476,15.905346237197804,0.0,74.63986968964895,304,1402,37
ch22btech11039,3,0,0,0,0,0,27.49606808791203,75.6891227427663,17.99334890584346,0.0,115.81170130825086,452,1336,15
ee22btech11003,1,1,0,0,0,1,39.53509450955278,71.21189979569961,2.3379608141672814,0.0,100.23584219856292,314,1430,22
cs24btech11021,6,2,1,1,1,1,34.14076745195052,78.92859695253756,2.8625597109693923,4.886347270219803,124.0972230696294,417,1357,46
ma23btech11043,3,2,0,0,0,0,35.0494748052483,64.3178740997804,8.179103541709864,0.0,139.76640518078403,591,1345,45
ai25btech11014,4,2,1,0,0,1,21.106398755478608,63.100290182206635,18.945666792236306,0.0,125.8833018326699,410,1423,37
me22btech11022,3,0,1,0,0,0,37.480221557445915,72.5683605494123,15.42493337039476,0.0,61.598159823318085,595,1360,20
ch25btech11034,0,1,0,0,0,1,42.693455508687435,59.95013519350651,1.0952327764406267,7.368747591272117,50.69480345069043,590,1382,44
cs23btech11018,5,1,0,1,1,0,32.61976333553897,76.87506240548743,9.044358817796143,0.0,71.12855305696998,451,1344,44
cs23btech11011,0,0,0,0,0,0,24.914039147273048,88.05351587347275,2.973254555062259,0.0,199.5311377768921,348,1390,12
bt23btech11009,5,2,0,1,1,0,32.583346543240616,84.90271447203568,4.102792809640143,0.0,120.8100417664999,318,1337,42
ai25btech11029,1,1,1,0,0,0,36.23042596248815,47.76201229653562,3.6385626099054225,17.37392679925683,105.99639744196294,461,1416,52
ai24btech11049,4,0,0,0,0,0,19.63304883795925,51.55373982940357,13.437854871974569,0.0,169.9874128059784,366,1370,12
bt22btech11022,1,2,1,0,0,1,36.24902659705607,88.13246592774374,18.888194511545468,0.0,98.59850916601994,306,1393,36
bt22btech11029,4,2,1,0,0,0,32.101622935922606,69.15207804848461,8.428491011849959,17.960762510462523,101.2726027546814,533,1321,42
ce25btech11020,6,0,0,1,1,0,19.59035296058139,54.723287977095886,18.969066139243132,0.0,180.27019638468693,419,1378,36
ee25btech11027,0,1,0,0,0,0,38.48228184145019,77.08434721143328,13.976917063218089,0.0,146.7581251653994,303,1345,42
cs23btech11018,5,1,1,1,1,0,21.85203507011836,67.70890012578967,13.028407767037285,0.0,51.649374298772074,326,1376,47
bt24btech11043,4,0,0,0,0,0,32.7593182765475,85.72059729624799,8.375410497841463,0.0,57.04489501625826,492,1370,19
ai22btech11035,2,1,0,0,0,0,25.38383376944548,75.95229525921228,5.942434312463501,0.0,149.5506748043972,545,1341,34
ma23btech11004,0,1,1,0,0,0,23.24157697191833,48.10069389457923,16.830593206200867,17.081749136976587,73.20082113248543,500,1345,36
cs23btech11011,0,0,1,0,0,0,39.87513676815391,61.74136693018731,4.928040664782136,16.562944035809792,154.20447062816402,401,1417,28
ai22btech11021,4,2,0,0,0,1,29.763676736854954,79.5006779395928,13.811204648912812,0.0,193.72561895058956,563,1414,47
bt24btech11006,5,1,1,1,1,0,22.367240691511267,89.38340039983234,18.881186793732265,1.749109416001612,188.7872476123499,581,1404,42
ch25btech11019,0,2,1,0,0,0,29.710475463311077,61.08813298652562,15.906836759181948,0.0,118.27155275542341,402,1336,48
ee25btech11032,2,0,1,0,0,1,17.3533128003767,60.22427248409254,11.448555188669314,0.0,149.24827626208122,509,1352,21
me23btech11042,5,1,0,1,1,0,36.49088853917348,89.51706566708886,0.00475047151769159,0.0,189.88848641378794,338,1365,51
ma22btech11013,5,0,1,1,1,0,27.77248739299614,61.06785011385351,14.75164603177783,0.0,103.19332364611648,457,1433,24
ch23btech11004,0,0,0,0,0,1,37.2669223855885,61.38865668679311,7.686532943193633,0.0,192.4941775925338,360,1420,14
ce25btech11028,6,1,1,1,1,0,24.386389892188507,89.55843130684883,4.6334340276688675,0.0,141.16051923182886,406,1417,43
ee25btech11017,2,1,0,0,0,0,31.912048730920255,88.45513150704056,17.675717699268514,18.627293380709048,76.0842873829231,477,1401,51
ma23btech11043,2,2,1,0,0,0,18.77166400503082,53.64796874281575,9.533536566607367,1.8431566071314986,55.31335526278176,339,1344,39
ce25btech11015,2,1,1,0,0,0,25.608144064536077,40.2541069909013,13.914285856995004,0.0,194.31829588880746,475,1396,31
ai23btech11007,1,0,1,0,0,0,30.756847372851883,73.10560050532823,10.875578159947985,17.42536472583962,128.18904682706224,467,1411,20
ch24btech11045,2,0,0,0,0,1,34.31398492895244,74.87357308346418,13.602815435206008,12.753616186088502,73.79076579396106,534,1364,24
ce22btech11027,6,1,1,1,1,1,31.148139650818266,40.056005574005475,11.12363470079514,0.0,78.96992968809396,312,1365,54
ce25btech11016,6,1,1,1,1,0,29.237643224474517,80.93397102499209,2.568974361863827,0.0,114.83611758387684,359,1398,44
bt25btech11020,3,1,1,0,0,0,28.185213605156463,69.10852300881366,6.917661139059135,0.0,180.73052092285644,491,1366,38
me22btech11001,3,0,1,0,0,0,30.87319634683914,41.106177576449866,6.4722043829908245,10.28422061768865,152.49430649097576,325,1417,30
bt25btech11024,3,0,0,0,0,0,32.200072250266665,74.68411128907442,4.415392255775208,0.0,148.17668214217028,326,1386,15
ee25btech11050,3,0,0,0,0,1,27.489728878236946,82.86800460462493,19.290409445404173,0.0,96.79279857426957,357,1357,23
me22btech11031,0,0,1,0,0,0,29.589244108037157,88.40967139573608,3.710510314062423,17.503840191156605,165.63827669660782,473,1369,20
ce22btech11043,2,0,1,0,0,0,35.58647915794064,85.59180174799556,19.350225272275555,0.0,50.18477527496388,572,1427,18
ce23btech11012,5,0,1,1,1,0,22.042976762518556,79.87795503185941,6.207239178471475,0.0,60.867033169183834,394,1357,38
bt22btech11048,0,2,1,0,0,0,32.82350531268078,47.296103701757275,2.055848089853314,0.0,122.35345723273873,391,1339,35
ch22btech11047,3,0,1,0,0,0,27.644459138486503,56.10473511096677,19.549327726295715,0.0,173.21610920147998,405,1438,23
ee22btech11023,2,0,0,0,0,1,35.37562137608644,69.7388318688468,12.33209163724948,0.0,190.28027229491894,477,1411,17
ee25btech11002,6,2,0,1,1,0,30.57266683107732,80.86488849812469,9.046365690366002,0.0,159.7384282632998,311,1406,56
ma22btech11002,2,1,0,0,0,1,34.75072735499416,56.844789588555344,3.6423583137739857,0.0,124.72935746797084,381,1389,40
me22btech11026,0,2,0,0,0,0,23.151509101574668,60.91998943338264,4.071565606844853,0.0,194.11708272304654,323,1339,36
ee24btech11001,3,1,1,0,0,0,27.62912841785048,67.16502616816442,10.279917356174499,0.0,109.32727547735229,527,1385,44
ma24btech11015,3,1,0,0,0,0,34.002491208829866,50.53310945028333,12.459331671269656,12.99964418175789,69.73515276908897,307,1419,50
cs24btech11021,6,1,1,1,1,0,30.89637302213342,65.63076026029026,8.26062349295394,0.0,64.60900888303283,410,1333,49
ma23btech11026,1,2,1,0,0,0,25.63024827254287,82.8993126961353,0.18060808259100503,0.0,109.4989664515343,586,1330,44
ai24btech11037,1,0,1,0,0,0,21.8689114270563,47.28782841223759,8.988676704274754,12.169803051097352,87.8791673113129,583,1426,24
bt24btech11046,4,0,0,0,0,0,35.47391855819957,67.90701247969315,10.79811679004425,1.6495675528440055,68.44562127944401,592,1339,24
ch23btech11014,6,2,1,1,1,0,29.19395765715066,44.42777921116207,2.0661791424803133,0.0,109.60684826966015,541,1407,51
me24btech11029,1,0,0,0,0,0,30.740158790798436,57.132674406045766,10.644899776525982,0.0,71.53135430590893,533,1438,22
ce25btech11039,0,2,1,0,0,0,21.62851139730685,51.72806466674143,19.26693665640798,0.0,196.79469311007955,413,1401,48
cs23btech11031,6,0,1,1,1,0,33.0901435549181,81.34194418559387,13.339430339818145,0.0,73.89311678642076,491,1389,42
cs25btech11049,0,0,1,0,0,0,30.70518327911282,44.52408476435254,5.773711910612763,0.0,164.77862968336768,431,1421,14
ce23btech11016,1,1,0,0,0,0,36.44878264187687,46.01045276853042,10.889781959216991,0.0,104.96923023070968,498,1334,48
ma25btech11031,0,0,1,0,0,0,28.693000375224386,51.363481363157575,1.4639184753688728,0.0,142.92355190144218,564,1322,19
ma25btech11050,1,1,1,0,0,0,24.216278874740258,59.94113904484502,11.603447384546646,0.0,164.73248923131922,320,1342,37
me24btech11030,6,0,1,1,1,1,22.336020738688273,72.7346540715674,7.601490178744106,0.0,79.18374847779515,351,1429,26
cs22btech11021,5,1,1,1,1,0,25.087563032308452,49.05746747673402,13.622357079299656,0.0,156.3569392583649,540,1361,48
ch25btech11018,3,1,0,0,0,1,28.876834250014877,58.67548415191938,10.52998388307562,0.0,145.69778086899464,576,1405,32
ce23btech11012,6,1,1,1,1,0,23.780683823043574,79.0262757621931,5.496120710962722,0.0,150.13248489372057,445,1338,44
ai25btech11023,1,0,0,0,0,0,26.53547401102046,83.46298123255264,9.457839312663642,0.0,96.8407679073194,459,1330,24
cs25btech11050,4,0,0,0,0,0,25.981627160151348,61.40998074628074,14.351955313163526,14.156286875163023,69.25914341811878,318,1387,29
bt22btech11048,1,2,0,0,0,0,38.195584027220335,44.282912479821526,17.883817493282365,0.0,83.9984603340482,495,1332,51
ee24btech11014,3,2,1,0,0,0,31.654401161072286,66.64788932756676,6.486675062307512,0.0,199.12090418317513,557,1421,48
ee24btech11026,6,1,1,1,1,0,34.16764480804462,68.1148407938955,19.152505690107603,0.0,80.14005329885848,507,1425,50
me22btech11009,3,2,1,0,0,0,26.233508878307212,73.57792218065187,1.8585828875877985,5.883898062209518,179.70292880503104,571,1395,37
ch22btech11029,1,0,1,0,0,0,33.946578059273,51.36786500480494,6.833490037938416,0.0,85.85829982958984,479,1381,21
bt25btech11020,1,2,1,0,0,1,31.256528204031902,82.57124788725478,4.170210287146716,0.0,172.61745627367873,590,1349,49
ai24btech11028,5,2,1,1,1,0,29.992247470820487,80.9367502037135,6.450559556928304,0.0,83.5421651744467,505,1339,66
ch24btech11004,1,0,0,0,0,1,29.87486520627428,70.31264688754888,15.29619601805991,0.0,109.79945416584697,324,1332,13
ma23btech11050,4,1,1,0,0,0,34.08883149600143,88.15575557945868,10.99059071790034,0.0,96.77241996278894,319,1337,35
ce22btech11001,5,1,1,1,1,0,35.71993959601082,49.589122779593026,4.235107013309567,10.207430153358429,142.92466271113815,382,1328,46
bt22btech11041,3,1,1,0,0,0,19.92200281668451,74.60806708470659,1.2458359626012538,10.679020434846004,172.0955404259028,520,1371,35
bt22btech11015,5,2,1,1,1,0,29.35746259572097,49.73112559103825,7.355187017545792,8.868465298049614,160.04215708421032,385,1324,60
ch22btech11039,2,0,1,0,0,0,34.946847191410654,69.10741148899862,13.61949654476489,0.0,98.52505923672106,541,1428,19
ce23btech11021,4,0,1,0,0,0,30.597901842070765,62.71886672799805,16.88714165479232,0.0,72.50729970409765,351,1431,26
ce24btech11013,2,0,0,0,0,0,25.13465529559222,62.97233842029933,15.700330876741138,17.949609089864452,168.03550793829424,428,1321,28
ma24btech11044,4,0,1,0,0,1,34.04464600235649,81.25660979643519,9.909042069219636,0.0,84.04470415480462,472,1402,11
bt23btech11033,6,0,1,1,1,0,26.44773725082524,44.23960080229016,14.326467761253646,0.0,51.816271285233114,432,1339,31
ce24btech11001,3,2,1,0,0,0,24.7654450865903,48.70546676670422,1.9679129942679463,13.545751674325425,89.7569642487506,337,1430,55
bt25btech11045,0,2,1,0,0,0,32.68326376263643,71.23317844271318,7.6387927930579185,0.0,142.25194520583,377,1424,43
me24btech11029,1,2,1,0,0,1,26.094897853675548,63.716805495310695,2.2791326942863432,10.234294556573259,128.1152212751319,587,1417,44
ma25btech11046,1,2,0,0,0,0,28.147468491552406,61.6038441472098,8.788099793889044,12.645852067395985,86.10390677487575,512,1363,58
ce22btech11029,4,2,1,0,0,1,29.164391431067944,77.75209643731392,9.2107899454828,16.997972504911168,166.46711697495869,535,1415,40
ee24btech11004,5,0,0,1,1,0,31.412899752441497,46.58643867272809,14.51959819970591,0.0,125.87790394277435,387,1363,37
ai24btech11046,4,0,1,0,0,0,30.81334999498766,83.8569220755702,8.676010245095435,0.0,171.7628325298565,560,1322,12
me25btech11002,2,1,1,0,0,0,25.718467152784253,67.7542474651143,14.661425920593496,0.0,103.3076853028609,312,1328,49
ch24btech11032,1,1,1,0,0,0,26.075508434588798,87.90367400596901,7.35881502604169,0.0,95.84063232353223,510,1420,33
ma22btech11012,3,1,1,0,0,0,33.2414021692193,46.89114495796177,13.260840090009845,0.0,54.36070705159306,559,1379,42
cs25btech11020,0,2,0,0,0,0,27.178762006713058,68.99918937140657,11.229691759190475,0.0,151.47019058395432,381,1338,50
cs22btech11004,5,2,1,1,1,0,30.922756515985185,77.29626044068372,19.639383808922904,4.986997902271779,128.0444865377981,472,1419,62
ch23btech11044,0,1,0,0,0,0,37.567248716210656,89.91737556964748,18.662266626871155,0.0,145.4266047062349,539,1366,44
me24btech11049,5,2,0,1,1,0,33.154058422773886,69.38846804310991,3.689525062672787,0.0,53.92950627980972,412,1413,66
ai22btech11023,4,2,1,0,0,1,27.08293822065935,63.08664068061911,9.618120015061393,9.268427585851779,155.9028511496037,389,1323,32
ai23btech11009,3,1,0,0,0,0,23.49549121742937,70.51125747388207,2.7070816455537106,0.0,193.4921931625187,405,1349,33
me22btech11031,6,1,1,1,1,1,24.65374703023921,82.23947181430107,5.362780401910268,3.971254283665511,56.97508796600982,549,1426,34
ch25btech11019,5,2,0,1,1,0,20.317406327459423,73.18948430877946,19.267888684271007,11.643195485774998,57.838681892903566,441,1376,58
ce22btech11013,1,0,0,0,0,0,27.213594379479595,55.434937168659765,18.94071975477446,0.0,53.30527404462563,416,1387,29
ai25btech11028,0,2,1,0,0,0,24.679828823994512,66.16954556871832,2.2953774373843494,17.342654173639264,60.15025428500024,385,1368,56
bt25btech11021,5,1,0,1,1,0,32.02128597506726,50.80452265926537,1.9512502047859948,0.0,162.39255690436647,375,1407,53
me24btech11018,3,2,1,0,0,1,25.579922727203968,79.6994858184003,9.945118606293764,7.4557719596758165,131.72716386267734,367,1429,45
bt22btech11017,5,1,0,1,1,1,37.91296982740796,67.89903693913199,11.050272295654505,0.0,92.36463480297675,341,1435,34
ce25btech11011,1,2,0,0,0,0,31.899339253545406,49.78046365222575,3.7344659154608295,0.0,163.6222827184126,384,1391,54
me24btech11049,6,1,1,1,1,0,40.099189458271276,48.30171567080977,12.269462772783527,7.898913996046199,75.32813100165292,519,1320,46
ma22btech11037,5,1,1,1,1,0,20.84804434045426,84.12081842036693,16.072070708830704,10.598928697956126,112.66414689126495,320,1349,53
ma22btech11037,3,1,1,0,0,0,35.936930257823754,75.96768111845793,17.805161060356042,2.508725108217561,78.11179161463733,564,1435,35
ch22btech11040,5,2,1,1,1,0,42.94781821009307,63.55839494664073,16.432737954209433,0.0,124.13186708754499,430,1395,59
cs25btech11024,1,1,0,0,0,0,28.04120925478089,62.51754894527063,14.976526739266129,0.0,102.85624199144816,407,1330,44
ai22btech11032,3,0,1,0,0,0,25.387949077507486,55.74597943064838,0.07634268248694287,0.0,148.29236145374873,300,1391,21
ai22btech11030,2,1,0,0,0,0,27.02816813826897,78.15776456294446,8.166126855189022,15.425725928156014,84.91447206519331,551,1396,49
ee23btech11014,2,0,1,0,0,0,29.038380434638178,68.02203154902199,2.2197893842696215,0.0,179.6845414284005,489,1354,14
bt23btech11021,6,1,0,1,1,0,28.890695481023467,82.91708383995604,5.844364609237955,18.304633071234388,170.7360165262158,472,1390,58
ce23btech11035,0,2,0,0,0,0,32.108422341322225,50.922159144165356,2.4049445302335126,0.0,56.91853465036007,460,1439,54
ee22btech11012,5,2,0,1,1,0,35.25055298054457,42.40714179891767,18.057899903839743,0.0,138.98323551610764,419,1374,55
cs22btech11015,5,2,0,1,1,1,25.68024389289597,82.78480469187697,10.428913780871788,2.2091772764462045,139.8467762265816,500,1380,44
cs25btech11039,0,0,0,0,0,0,26.72962158436288,78.69398278650782,12.03846862030263,0.0,141.0634368078131,337,1339,23
me24btech11007,3,2,0,0,0,0,20.846835515717714,51.70922234077428,15.73500670308874,0.0,90.73531471265598,556,1391,57
ce23btech11008,5,0,1,1,1,0,26.941154545473573,47.001204877665884,5.536286155826115,0.0,122.30615871681238,441,1354,35
ce25btech11009,5,0,1,1,1,1,29.81481601475794,82.1962306305862,5.698160430619216,0.0,82.77647515311955,405,1426,28
me24btech11016,4,0,0,0,0,1,35.191197964328786,68.73897771322076,0.5933644612947964,0.0,117.5895528474701,426,1365,22
ch25btech11029,3,2,1,0,0,1,30.431837835367116,73.5471502371254,5.163465083823384,0.0,157.7643844728103,549,1388,34
ce23btech11045,6,1,0,1,1,1,34.093153308899495,80.01774395117033,13.253290261187109,0.0,132.43754850832153,412,1416,48
ce24btech11008,6,1,0,1,1,0,23.974982394504863,72.32250450623035,17.760781287202356,0.0,70.83069895947756,500,1358,40
ce23btech11016,2,0,1,0,0,0,32.793848922803136,66.62463497185733,8.977061433494164,0.0,186.52019551732013,361,1368,26
ma25btech11006,0,2,1,0,0,0,34.58772603332061,82.28021814949534,13.849856533384505,0.0,91.30717613831277,421,1349,46
me23btech11010,2,2,0,0,0,0,33.967443602761065,58.55862117188138,12.021483336004659,0.0,106.1829330530182,455,1356,41
bt25btech11020,4,0,0,0,0,1,21.257340133809095,56.9884413575559,10.34478763428664,0.0,107.88117543426739,425,1330,10
ai23btech11038,4,1,1,0,0,0,29.867971215205365,74.41371178901186,2.8110593515672155,0.0,125.8182676865675,374,1364,33
ee24btech11017,5,1,0,1,1,0,31.400805794098034,48.001246823159704,0.46704192656371823,0.0,93.38671579589817,421,1356,48
ma25btech11044,6,1,1,1,1,1,25.689750592977532,70.3438670788465,3.031685857397599,1.5878152498954976,166.03083373018458,368,1356,31
ma23btech11021,5,0,0,1,1,1,30.474999417485186,57.80928235587971,16.53629947592838,0.0,126.11695491796132,320,1363,28
ai22btech11022,0,2,1,0,0,1,31.621999858939557,50.3654501593779,15.647766589201746,0.0,98.87346763466746,451,1338,30
cs25btech11013,3,0,0,0,0,0,28.210444548094188,85.34714044174169,2.647447580699449,0.0,103.01911108201736,346,1331,20
ce25btech11015,6,0,0,1,1,0,27.382278093565713,88.48038634240477,18.98224286178881,0.0,163.19318323978877,369,1374,29
bt22btech11048,2,0,1,0,0,0,29.813215793790306,59.3270253411514,10.225509244015022,0.0,179.83657184368283,518,1401,23
ma23btech11021,2,2,0,0,0,0,24.88386116928351,55.594954000214024,5.120951302099086,1.5850109435485091,83.11182326791726,507,1433,56
ee22btech11032,5,2,0,1,1,0,26.027869732656598,46.72175647040609,5.987911767433625,7.815594982923256,91.81398086218294,483,1349,66
me23btech11036,1,1,0,0,0,0,36.04633055484369,43.45147704439248,0.1133162905913454,18.8047295407171,171.37747567085466,556,1355,34
bt23btech11024,6,2,0,1,1,0,22.80217973311908,54.01672303957605,13.748127282724752,0.0,132.36955044157588,487,1396,53
cs25btech11029,4,2,0,0,0,1,26.420415746207336,82.10372186992896,4.844624356491338,0.0,156.516508463256,483,1430,26
cs22btech11031,5,1,0,1,1,1,31.680800231380204,56.0747850623941,9.528739726875832,0.0,196.84716727622134,320,1338,53
ce22btech11027,0,2,0,0,0,1,36.50368652944008,67.73286740175479,12.741816741618099,0.0,85.19801626637741,352,1343,41
me24btech11031,2,2,1,0,0,0,29.068184650615073,64.83477114089733,5.685481858550334,0.0,58.14980522343558,503,1368,49
me22btech11050,6,0,1,1,1,0,33.46939222490327,84.78633629630863,11.665330356260908,0.0,191.0672758604259,456,1347,35
ce25btech11040,2,2,0,0,0,1,37.98039867766575,55.66739587925716,15.778649435520144,0.0,186.4914715781588,411,1375,36
ai24btech11046,0,1,0,0,0,0,37.843893020514244,75.19285458171656,0.08726539300618175,4.1721086861967756,149.95781203673096,323,1427,40
ce25btech11042,6,0,1,1,1,0,23.35951868783126,63.77033039250368,12.686794794224085,0.0,124.78561992585637,327,1360,23
me22btech11001,3,0,1,0,0,1,31.09958575302967,60.78987503437251,14.393076332210608,8.052070680929095,159.5744541438185,399,1428,10
ee25btech11029,0,2,1,0,0,0,23.369524704765716,55.7813671881675,12.896652080446277,8.507487244618563,79.88229123410797,320,1426,37
ce22btech11035,0,0,1,0,0,0,25.370904084262104,74.40222219180069,4.837777671082919,18.31030535258029,156.40744506310864,437,1354,25
ai25btech11045,6,1,0,1,1,1,30.506783557732756,53.33375983309888,14.49712998630034,0.0,109.64713693880542,418,1347,42
ch25btech11001,4,1,0,0,0,0,24.367265938581014,61.77538127360953,6.641987307862729,7.494270404351468,83.48950782577944,425,1331,45
me23btech11005,4,0,0,0,0,1,27.659086043454778,73.779004597513,10.939265027427762,0.0,93.67163716777685,344,1405,17
cs25btech11002,4,0,0,0,0,0,38.35741445591046,63.69049141989733,1.1568889889432121,19.198006218775873,167.77843147226127,395,1403,18
ai22btech11027,6,1,0,1,1,0,29.46220434070546,76.28136001372079,12.394691428661783,18.025427124096893,97.27205586988299,566,1396,54
ce24btech11043,6,2,1,1,1,0,36.21591718607179,66.94065045198096,1.2125785213293638,0.0,189.59102072698056,383,1371,52
ee24btech11013,0,1,1,0,0,0,25.505934059825492,52.09466470564446,10.01207142309415,0.0,91.2055722571838,385,1381,47
cs25btech11050,1,1,0,0,0,0,35.43597592197652,64.06666882678324,17.953493453559133,0.0,199.24720539876395,349,1330,38
ch24btech11021,0,2,1,0,0,1,30.909195186025304,75.58614028730244,19.62287463583644,0.0,115.54938284984313,318,1406,51
ee23btech11016,5,2,0,1,1,1,32.12943603096518,77.86551035672194,3.233428724739238,10.06110202289143,87.1010473728625,338,1400,65
ma24btech11023,5,0,0,1,1,0,30.09573888707876,57.85146719850061,18.52388136863564,0.0,83.31138060399809,551,1423,27
me25btech11029,2,1,0,0,0,0,34.41930601726537,40.022139071860394,18.027661932838697,3.9223334681905477,193.22704895577021,428,1351,33
ma24btech11006,4,1,0,0,0,0,28.911132088040567,62.218267462075715,5.510958784389668,12.818751685048882,107.94847596146988,480,1410,52
me25btech11047,0,1,0,0,0,0,22.36864501638894,41.94649816628337,0.7203763658285278,4.32921367001072,92.371811596554,520,1387,34
ce24btech11025,2,2,0,0,0,0,30.16287788704281,77.93881268786626,5.649921319457045,7.707957440405745,191.9684769725608,339,1324,52
ai24btech11028,3,2,1,0,0,1,22.90645731226263,52.76545382519658,5.913893480832084,0.0,145.40637031699524,570,1418,34
cs23btech11001,2,2,0,0,0,0,31.068229407562356,78.69531108853326,7.052052118577164,0.0,119.49404799091953,480,1439,54
ai22btech11009,4,0,0,0,0,0,33.45118400190136,42.731721000048616,19.461563259446656,0.0,95.59137683825409,302,1370,20
ma25btech11024,2,2,1,0,0,0,17.208158083714487,82.42126895452623,8.452583940272183,0.0,156.89319996477693,505,1376,47
ce25btech11011,6,1,1,1,1,1,27.01244902654179,69.53189169973189,13.220285084946406,0.0,156.39812427089143,461,1328,52
ma24btech11044,3,2,0,0,0,0,37.11184930849254,68.00458487216977,15.61463706401802,0.0,195.8629998560155,387,1385,39
ai24btech11041,6,2,1,1,1,1,35.437320870157485,83.08454518936726,5.48143178684382,0.0,101.80129283673318,561,1403,56
ce22btech11041,6,0,1,1,1,0,34.620809119279514,61.766211072761806,10.986195429602079,0.0,126.00089734741186,427,1387,21
ce22btech11001,3,2,1,0,0,0,35.376967228230384,44.87571628204488,11.179612681995481,10.520669724981744,130.14358278405138,467,1402,60
bt23btech11030,4,2,1,0,0,1,31.815596708356786,48.9627805953895,16.00006963527363,0.0,69.75725428686403,388,1339,30
bt22btech11029,1,1,0,0,0,0,28.974258855010657,86.76485492726638,17.013605212096927,0.0,87.12651097106179,423,1416,46
cs25btech11026,5,0,0,1,1,0,27.647955537342895,60.58277302283512,18.69988863677531,9.18026398063661,140.82571499238148,358,1352,34
bt22btech11021,2,1,0,0,0,0,27.484597304476722,89.10247685079813,15.697236459177603,0.0,167.1493840422487,427,1373,46
bt25btech11015,1,2,1,0,0,1,23.749657553968028,40.57403298746889,9.00233052949622,0.0,132.16770415749792,468,1388,46
bt22btech11012,0,0,0,0,0,0,30.868383230692633,65.83949695640791,14.803227375229262,0.0,153.4668273872182,453,1362,18
bt22btech11044,2,0,0,0,0,1,26.49331404198643,54.86453951536668,1.8413397216495087,0.0,147.27572301780322,589,1341,10
ch24btech11042,0,1,0,0,0,0,40.77666374095308,50.65425043424041,18.781141919343742,1.126960455253868,143.78071542956633,324,1428,30
ma22btech11002,3,2,0,0,0,0,25.112189372636564,86.98257556467541,4.409673869466082,0.0,160.91123447469676,561,1367,37
ch22btech11034,2,1,1,0,0,0,31.58270163304316,61.70104863543794,5.174232843108819,9.253663061125586,51.35812423705565,547,1411,46
ce22btech11001,0,0,1,0,0,0,30.948304385317105,50.20123328692893,13.079881846796024,0.0,186.72819399879748,362,1416,20
ce24btech11001,4,2,1,0,0,1,25.134423198893398,50.767219069127634,11.941915403734395,0.0,99.95523077080975,337,1338,31
cs22btech11004,4,1,0,0,0,0,20.612785573819455,77.14407468339695,14.758347867080507,0.0,105.66694076451918,372,1325,40
bt22btech11044,0,0,1,0,0,1,34.99664855619877,71.89771313423694,16.672862682879167,0.0,71.65814482005008,391,1337,10
ee22btech11013,4,1,1,0,0,0,28.814615045572108,63.47627710219314,0.5662254880533557,0.0,156.94400117882088,541,1320,32
ma25btech11024,4,0,0,0,0,0,34.04446460053005,62.31006104887719,16.116890652356663,1.1513236901635713,116.4959764275763,533,1342,23
ce22btech11034,4,2,1,0,0,1,32.732318820738314,79.46464241598429,6.155916633614913,18.361980433591928,99.01138130450613,476,1425,41
ch22btech11001,4,0,1,0,0,0,22.996630044407183,82.94083855840773,13.538815659936747,16.92025912218427,162.25337804986097,513,1392,29
ch23btech11010,4,2,0,0,0,0,30.07166029922078,59.240180861055165,9.787528979413405,9.162563250514904,179.4458598480444,433,1427,49
ai22btech11032,5,0,1,1,1,0,28.59490176364207,57.71356636086078,2.1069096896266637,0.0,141.1629024643479,505,1358,31
cs24btech11034,2,1,0,0,0,0,32.124830581237724,68.59561019253003,19.724933439028028,8.87998071238195,180.72026320648007,494,1393,34
ai25btech11029,1,0,0,0,0,0,35.07614045832536,71.57094606091883,10.650081328319636,0.0,67.58058585203501,594,1407,24
ce23btech11039,6,0,0,1,1,0,28.793844668513245,73.94488625389202,15.459734426111735,19.07739854578794,141.70049033249703,470,1344,37
ma25btech11001,4,0,0,0,0,0,31.403182022450682,81.80588516036244,16.427767258013887,0.0,100.04425937552985,532,1390,28
cs22btech11022,2,2,1,0,0,0,38.79310242097567,64.21722131457543,0.2673536651879127,0.0,52.32624959398883,347,1385,42
ch25btech11047,5,2,0,1,1,0,30.77304214760389,89.08536712605708,9.009571429411906,10.753995994273396,84.73226539475732,520,1425,49
ma24btech11011,5,1,1,1,1,0,35.90022684405585,75.33171317337982,7.48960799936034,0.0,102.49174092944597,395,1410,46
me24btech11037,0,0,1,0,0,0,30.519694170744497,61.30354888130485,10.960647133284802,0.0,151.62101222352095,508,1418,16
ai22btech11046,3,0,0,0,0,0,27.10473726026373,49.74875999501446,17.80819034438657,15.249578170589345,163.8072981745881,576,1383,26
ai25btech11028,4,0,1,0,0,0,26.256598992474302,75.63888381084155,7.724239856340613,0.0,139.9656972455747,393,1413,26
cs22btech11019,2,2,1,0,0,0,21.498951287411714,74.80780725689627,7.655975288727756,0.0,169.43621758120528,361,1357,56
ch23btech11010,2,1,0,0,0,0,24.12202697187574,49.54632925358217,13.892819177874555,0.0,89.6952540388036,506,1323,35
bt22btech11026,1,0,1,0,0,0,25.524650788616977,61.61731132016736,0.6229818558678213,0.0,181.87786589018714,462,1398,16
ee22btech11048,5,1,1,1,1,0,33.353704729751016,89.80788367493895,16.508313282478962,0.0,136.50535982866344,555,1357,53
ce23btech11006,4,2,0,0,0,1,28.538701190491153,82.90116355036146,19.95256594804313,0.0,111.6787276991879,590,1435,38
ai22btech11022,5,2,1,1,1,0,23.993483251160832,40.71907230360425,15.287067728728548,12.851118612416172,55.84070250314984,506,1426,49
ee22btech11016,4,0,0,0,0,0,33.459405724275435,69.04751899440896,19.813583141315316,0.0,156.10955000493914,452,1339,14
ce22btech11044,4,2,0,0,0,0,28.494819449395482,83.0522649751656,9.2233380250782,0.0,192.3801039771337,488,1337,54
ce25btech11020,2,0,1,0,0,0,15.355243176494513,74.54419882754114,13.942716117836184,0.0,73.43098530299329,363,1390,18
bt23btech11030,6,1,1,1,1,0,33.186859887938965,43.03024538574549,13.707906868920114,0.0,118.03684998842512,595,1437,59
cs25btech11024,1,1,0,0,0,0,29.66558730771431,68.63036164410113,5.540250486519575,0.0,138.92602707621654,598,1341,49
ma24btech11048,4,1,1,0,0,1,23.059076449128966,74.53398855740033,11.935528399233792,10.529938298441019,152.51806661112633,454,1372,33
me24btech11007,3,0,1,0,0,0,33.18204773210357,70.15197775266417,12.379831293971764,18.874692694100517,69.19053867676747,530,1372,26
bt24btech11043,0,0,1,0,0,1,32.46826782653044,79.47047109567927,8.324361176906987,0.0,58.28337811145427,515,1329,10
ma23btech11026,2,0,1,0,0,0,20.77210182337919,45.72157593061793,0.17412294125087158,0.0,144.58714123746384,392,1413,22
ce22btech11036,1,2,1,0,0,0,27.71939586262906,50.52534698326715,16.180472805833528,0.0,179.698838278721,577,1321,54
bt22btech11038,3,1,1,0,0,0,30.907133100569858,63.9248058127981,15.611120537744277,0.0,50.47113590721832,444,1384,39
ai25btech11023,1,0,1,0,0,0,27.30006182137155,67.36187602103216,19.83545761958499,0.0,56.74421623873267,466,1332,15
ai24btech11021,0,1,0,0,0,0,24.540122626669227,63.54336781115884,13.12110043951408,0.0,148.71238771237856,548,1418,45
cs22btech11044,6,2,1,1,1,0,34.62699045398362,84.49418632367433,16.35712611310059,10.692819228670142,126.9345583278214,569,1414,69
ma25btech11016,0,0,1,0,0,0,30.158907840807956,46.58267943966292,17.09406900186395,4.140743436621264,123.61475100685406,545,1417,20
cs25btech11019,6,1,0,1,1,0,28.475979552411303,76.47318849158319,11.46446388899183,7.415336737985458,53.78560187723963,586,1404,60
ch23btech11001,5,0,0,1,1,1,33.694577355218414,79.62974066045673,12.54657870181356,0.0,118.74853918813632,572,1343,30
me22btech11002,6,1,1,1,1,0,31.460963641631867,63.40345271171451,9.325988258796375,0.0,123.08980311500761,509,1336,42
ai23btech11029,5,1,0,1,1,0,29.063354907968126,78.14466677771821,0.9090500087159192,0.0,150.50488067113503,479,1393,47
ce25btech11020,3,1,0,0,0,1,33.24614395152549,50.775037943377555,6.720141179802175,9.84796829348331,187.2448797616953,371,1346,33
ce25btech11021,1,1,0,0,0,0,33.786967344886946,46.27431483995753,15.455428393301583,0.0,134.86723322614944,355,1325,47
ce24btech11006,2,1,1,0,0,0,26.486359920436804,41.50519361056595,19.229846491482242,13.689490227315455,89.82446111436084,572,1325,53
me23btech11001,5,1,1,1,1,1,23.976533585859436,84.24275588480022,14.781339518787451,0.0,194.50404806690568,357,1351,48
ma22btech11010,3,1,0,0,0,0,26.98009687015385,62.13990682718688,5.220970524696962,7.52434734137524,190.32267702912435,507,1433,30
ma22btech11030,2,0,0,0,0,0,28.852256723198266,69.76064170634373,3.0094454201199494,0.0,125.22769405252495,549,1343,28
ch24btech11042,1,1,0,0,0,1,32.83042991372107,42.78027608402303,0.13755924439298628,0.0,111.67962333238188,461,1406,39
me25btech11019,6,2,1,1,1,0,33.495068100065026,53.58165906371848,3.8121966614889957,0.0,114.49364296697325,415,1405,60
me24btech11018,4,2,1,0,0,0,23.15842480583595,48.22027645394394,2.3316614911139344,11.387217959370473,101.59365298365283,390,1337,60
cs22btech11043,2,1,1,0,0,0,39.93637999615404,40.540554181759816,16.531021483829285,0.0,136.52860716990503,336,1375,42
ai24btech11024,0,2,1,0,0,0,34.43515511066453,83.17328651707317,4.461241230855137,17.589068012520325,162.22412395815283,519,1413,45
ce23btech11023,1,2,0,0,0,0,37.57391023097077,74.60056279733274,9.158579888680558,0.0,87.92871773751668,490,1425,56
ai25btech11041,4,2,0,0,0,0,30.704214832787077,47.915195005280715,1.0357177746563373,0.0,175.1886428892908,377,1364,37
me22btech11031,5,1,0,1,1,0,30.94848465608831,68.82362187788769,15.237672237248878,0.0,80.63701383682512,359,1325,44
ai22btech11041,0,2,0,0,0,0,29.121090391167318,52.488608122325985,13.08320308572197,0.0,189.21527532646797,312,1326,43
bt24btech11024,2,2,0,0,0,0,32.04135820451015,74.66675768673534,12.96471794764194,0.0,191.0274786878124,343,1423,55
bt22btech11003,4,0,0,0,0,0,28.557256520621475,60.658625860385975,13.516458502081472,0.0,109.28889731467368,595,1378,26
ma24btech11014,3,0,1,0,0,0,26.081232394377857,83.9665107839237,11.140810265500702,0.0,159.72295395546737,500,1422,24
ai24btech11036,3,2,0,0,0,0,23.653347517266504,77.6198941151894,10.625880367018638,0.0,159.72446960647085,470,1364,54
ee24btech11002,5,1,1,1,1,1,38.51257329064803,61.56508531705073,7.5808097076607,0.0,176.63184879292146,395,1392,37
ai25btech11019,2,2,0,0,0,1,35.01208229336004,56.217290384752786,4.6779386294440695,5.006838325934974,173.064023038853,590,1341,24
ch24btech11024,6,2,0,1,1,1,35.423630710874725,41.288479938217556,12.070576130022419,0.0,68.05813681836335,532,1392,64
ma23btech11011,6,0,0,1,1,0,30.934021962388268,62.11261382597796,15.944221451575256,0.0,101.08172532198454,426,1360,30
me22btech11033,1,1,0,0,0,0,24.72454745837558,81.50754914989591,18.965030755801585,0.0,91.98389783696403,557,1395,39
ai23btech11001,2,2,1,0,0,0,28.206170319524265,69.16261961562785,0.22605073178044943,0.0,56.03870045138481,375,1379,47
ai24btech11042,2,2,0,0,0,0,29.592385865903257,77.57264722296719,2.639306392479235,0.0,63.9794179344042,440,1362,51
ai22btech11001,4,0,1,0,0,0,22.79077787000144,53.98729838845355,6.639965884755304,13.593129209984712,163.86303988334578,584,1386,31
cs23btech11005,6,1,1,1,1,0,34.286653827803086,68.59979391417964,16.108646585999725,0.0,72.38742046122108,463,1321,51
me23btech11040,4,2,0,0,0,1,23.530902990977893,55.59559527683526,2.4422303184857586,0.0,181.26770668370705,447,1328,29
ee24btech11014,3,2,1,0,0,0,23.82939432495465,44.10118426057355,0.6987849281197689,0.0,116.67923795752395,394,1326,38
ma23btech11044,1,1,0,0,0,0,35.263957784513565,54.4719760809744,9.35362424969754,0.0,114.1229681135402,572,1415,45
ma24btech11038,5,2,0,1,1,0,31.11874159787153,53.946903803673834,2.583488904862208,0.0,128.54008207289178,394,1400,40
me24btech11049,3,0,1,0,0,0,31.417950057614163,43.05035715026975,5.756625977032117,2.7721574887852283,70.2620219338641,494,1425,25
ce22btech11020,1,0,1,0,0,0,42.48408920178248,40.067313547828185,7.5620153957490155,0.0,119.6100034106757,597,1359,15
me25btech11003,5,1,0,1,1,0,31.418755118307505,82.47232031128678,0.8999364247084873,0.0,121.77925548792838,311,1359,52
ce23btech11049,1,0,1,0,0,1,25.060633295496253,64.13567365384672,15.54910934364771,13.78409553628235,123.88985078327211,458,1376,27
bt25btech11024,6,0,1,1,1,0,29.714547770932654,67.334816414817,16.796407044069767,3.4222279226646775,179.45135691008403,449,1439,25
cs22btech11021,5,1,0,1,1,0,29.011413288611855,85.01320556010353,15.843823896033522,0.0,191.888696604813,494,1342,48
ce25btech11042,4,2,1,0,0,0,30.432127093930955,85.13527552226782,16.745260142770174,0.0,172.01517234863962,468,1373,46
bt22btech11006,1,0,0,0,0,1,28.929127314322496,72.2451452646178,5.765031543347369,6.676874550030781,52.04510358587322,572,1411,10
ch22btech11024,3,2,0,0,0,0,30.495691697090624,58.99895394826973,12.142705617671538,0.0,64.24479128425648,511,1363,57
cs23btech11012,6,2,1,1,1,0,25.791440269809954,66.59358832525083,17.472370574744307,0.0,171.87107315662576,357,1372,51
ma23btech11039,4,2,0,0,0,0,31.083124877023096,74.67110640281544,14.012229927889033,15.315970102532338,124.99384879471826,401,1410,52
ce22btech11019,4,0,1,0,0,0,24.871236581798613,55.37648977452282,9.841089787648013,0.0,83.90497951829781,499,1361,24
me23btech11012,6,2,0,1,1,0,30.980657295119535,67.21724438171606,4.674815840734885,13.11770869506624,56.236843976989064,574,1383,53
ai25btech11005,1,0,0,0,0,1,25.47965855132,69.15651095497918,14.604434355144985,0.0,119.92723866913354,453,1421,20
ai22btech11023,4,0,1,0,0,0,27.425203703396548,88.32737582760413,12.562390624871435,0.0,96.08584427715807,514,1364,21
cs22btech11033,3,2,0,0,0,0,34.355378644227976,80.78847023175535,9.33456187535901,0.0,59.16570014294484,572,1386,50
ce22btech11033,3,0,0,0,0,0,28.933351003453655,59.36372057124207,13.193805458609486,0.0,59.21694351961813,386,1408,24
ch25btech11019,5,0,1,1,1,0,34.799783372168726,49.02591141962118,5.249411702425291,0.0,180.22539429897563,460,1320,32
ai25btech11024,1,0,1,0,0,0,30.403958148609895,69.76148663597007,17.43826122561011,0.0,170.45178222894808,543,1362,22
cs24btech11008,5,0,1,1,1,0,26.594724196926606,83.93846248964573,11.167046301282273,0.0,142.16000111469856,338,1367,42
ce22btech11026,0,1,1,0,0,0,23.04026879648422,49.759858228594126,13.569823373011625,7.138894331660408,98.85272030959298,369,1363,37
ch24btech11032,2,0,1,0,0,0,24.944791176950947,86.79686241242797,13.445013745883895,10.144281073165503,192.57992314316135,454,1358,25
ch25btech11045,4,2,0,0,0,0,29.12527716999344,72.19782897238068,7.6190369004695,0.0,185.3604914166012,535,1357,36
ce25btech11035,0,2,0,0,0,1,24.650523354597482,81.31704054750934,11.760009268592569,7.7089548898294,133.2030537182551,471,1325,39
ee22btech11003,0,0,0,0,0,0,29.444905631964225,60.75624697673605,0.28661811734002507,0.0,172.94143295986999,514,1388,21
ce24btech11040,2,1,0,0,0,0,30.60627341551966,44.00528633048011,8.836674096039092,0.0,80.34409237373055,334,1325,41
me24btech11018,4,0,0,0,0,1,25.855361934975523,63.72174468103675,0.1466830167236055,0.0,128.0674106247929,494,1431,15
ce24btech11050,4,0,0,0,0,1,26.89149221880556,78.89056222292254,16.44678222913695,0.0,117.67897871760854,565,1426,23
ce25btech11024,3,0,0,0,0,0,33.924952894230785,48.303742616675684,1.1821164175130905,14.123799987152,57.04594866472097,489,1332,30
ma22btech11004,3,2,0,0,0,0,35.58137831877558,56.55732445820749,15.319431497103581,0.0,136.9428645842205,367,1365,59
ma25btech11049,1,1,1,0,0,1,29.872987746275378,48.475204593302934,1.0194975404488482,0.0,138.1545527431319,474,1382,32
ma24btech11041,6,0,0,1,1,0,24.898492263692635,89.62573100809857,4.813410295143061,17.611839348604533,83.698609646265,532,1384,33
ce25btech11028,5,2,1,1,1,1,34.69157857982252,58.606010762084935,10.437686563158863,0.0,193.5795445278852,398,1417,37
ai22btech11029,3,1,1,0,0,0,25.393774442785467,73.77280226682129,7.920019327712304,0.0,192.39096593684255,384,1345,34
ma25btech11035,0,0,0,0,0,0,35.370926960894856,75.03627606421318,11.78040181961823,0.0,86.57029065652694,402,1342,25
ce23btech11010,2,2,1,0,0,0,25.413253669039385,63.65137516715103,0.866305465086239,0.0,161.7105091743815,586,1340,39
ai24btech11009,4,0,0,0,0,0,27.342727243203925,69.96496435031943,10.274157104306097,0.0,124.43588328512209,548,1357,20
cs23btech11018,5,1,1,1,1,0,22.16070287317272,68.69252989875133,1.2180386619898664,1.5876867464777547,104.24706422615668,536,1354,38
ai22btech11039,4,0,1,0,0,0,21.459074653417048,71.34842172643583,16.16789764608046,0.0,88.36155523224505,341,1338,15
ai25btech11023,1,1,0,0,0,0,34.090864001820584,69.39958147319163,8.529994944837222,0.0,63.16823555872399,309,1349,49
ai24btech11029,3,0,0,0,0,0,34.99211411561087,55.44011376748077,5.870695849173209,0.0,133.61074464712806,368,1438,19
bt22btech11017,1,2,1,0,0,1,28.454230943217432,40.94727016871773,14.718359071039774,0.0,145.7733177198703,490,1429,34
ch24btech11027,2,0,0,0,0,0,28.035989017404066,57.82856629754096,18.234517538255513,0.0,152.0719193786561,359,1342,18
ee22btech11044,4,2,0,0,0,0,23.185442933250126,79.09454564984449,15.31717287769484,14.141457385464289,109.03330041594734,508,1428,41
cs25btech11017,1,2,1,0,0,0,20.10887375312595,61.37332640833445,12.904371516893278,0.0,110.798804097043,443,1407,43
me25btech11047,6,0,1,1,1,1,30.234674510301847,82.30621052651158,3.656267770784518,0.0,100.88609917607545,443,1430,25
cs25btech11005,1,2,1,0,0,0,26.496736728277227,85.59093143430458,1.950153849277505,0.0,58.065846749297506,473,1343,45
cs23btech11031,6,2,1,1,1,0,34.4132403850656,80.11980152768163,17.228360921910348,3.608700621595834,99.3233926772914,483,1422,49
ai24btech11009,5,2,0,1,1,0,35.14728740799178,73.88616206006603,5.04629472270306,0.0,58.045218728124624,582,1320,60
ma23btech11034,6,0,0,1,1,1,34.36157690014225,67.44548158200358,3.7839158478070978,0.0,140.64694733604796,526,1367,18
bt24btech11010,2,1,0,0,0,0,26.095224040670274,70.60042649797276,6.126019937750751,0.0,102.46940927113879,349,1355,37
me22btech11018,2,1,0,0,0,1,27.88112272196004,46.614397382551914,19.551799206900863,12.069944274766947,186.72720887987762,568,1320,25
ce24btech11050,0,0,1,0,0,0,27.445935871151942,46.094404126613526,8.317226788158951,0.0,121.10093989226677,388,1375,28
ma24btech11023,3,0,0,0,0,0,29.79530335690581,49.78563200498245,16.405066378897793,0.0,118.70429248758029,429,1323,19
cs25btech11039,5,1,0,1,1,1,33.96587844109339,57.2508419962283,1.0946541384997177,0.0,82.94523928918535,564,1426,37
ai25btech11023,4,1,0,0,0,0,29.389714339393613,76.20145943864605,18.576159213757705,0.0,126.85892310981599,381,1346,40
ch22btech11007,0,1,0,0,0,0,33.81334775219276,53.72533367535391,12.493279485674336,0.0,160.86371329894297,470,1358,36
bt22btech11017,1,2,1,0,0,0,25.92605195014776,78.90231532415996,9.214672004833478,0.0,198.03439180824464,595,1389,53
ee25btech11017,0,1,0,0,0,1,31.44205574358031,57.27897929354065,0.13964523760696235,0.0,172.83039057807073,427,1339,27
ce23btech11024,0,2,0,0,0,0,27.186539877798836,67.777478494281,5.82722145675489,0.0,181.3857387499842,511,1348,50
bt25btech11008,1,1,0,0,0,1,29.24839769864064,54.90331005850021,6.4080257228042985,4.121450022175776,68.37467929489839,355,1438,43
cs25btech11039,2,1,0,0,0,0,28.36651893406818,83.23261773013729,2.373212289490776,0.0,160.68206227531135,315,1427,34
cs23btech11031,3,0,1,0,0,1,29.178323970573043,54.20921478558644,5.77937049842117,0.0,131.68329869820133,395,1338,10
ch22btech11040,4,0,0,0,0,1,31.060466765370876,72.73626742492215,8.224081344237081,0.0,110.22464158473144,510,1337,11
ma23btech11038,6,2,1,1,1,0,34.50775628287382,82.64631919272907,2.3164616447358855,0.0,174.37259604262098,386,1357,68
ee24btech11044,6,2,0,1,1,0,35.3007385260133,62.514124191576286,10.62218992675055,15.16863565789096,154.48421032160692,342,1326,50
cs25btech11009,5,1,0,1,1,0,32.68680140724613,67.59681805302333,4.836763908307063,9.093952869900134,148.66480749088998,503,1375,58
ai24btech11021,6,1,0,1,1,0,34.62205093637497,49.65800042042164,9.426165491482424,0.0,127.59402232283797,312,1334,44
ch24btech11004,4,2,0,0,0,0,27.319139166880053,85.54131323431577,0.12094086367956836,0.0,96.15186342169227,572,1436,52
ch25btech11031,5,1,0,1,1,0,28.679811190027994,62.188566954612256,5.647358380853125,2.5381209861980745,159.33047067325117,511,1420,45
ce25btech11036,0,1,0,0,0,0,30.00355060782982,69.15639117264347,11.579306405916087,0.0,124.87984202619977,546,1338,49
cs23btech11031,0,1,1,0,0,0,29.122755851352448,71.21203684987591,16.58770300284749,4.616402526805903,133.0337798993537,375,1368,32
ce25btech11009,6,1,0,1,1,1,32.28483682266735,56.96101491958919,10.891908974214989,1.780295283017703,116.89333176381527,324,1329,50
ee22btech11044,3,1,1,0,0,0,36.56451326959892,73.08519227406734,4.382521293416017,0.0,122.70342754044611,420,1364,49
ee22btech11046,2,0,1,0,0,1,25.57920760028116,84.89776080925097,10.500986804907694,0.0,117.00897030539608,581,1340,18
cs23btech11034,1,0,0,0,0,0,17.057916838979,73.1655354752001,16.78199397599223,0.0,159.21746560042496,482,1331,19
ch25btech11015,3,1,1,0,0,0,30.131639169713242,64.8626943295439,3.5683219312699155,3.054945276893778,142.1199764281277,350,1423,36
me25btech11049,2,1,1,0,0,1,33.667264415705425,44.406721548834575,15.535968744172614,0.0,114.55197985583007,368,1342,29
bt24btech11004,2,0,1,0,0,0,29.535278966932058,67.98723306668374,17.158698279946577,0.0,192.96801715912068,313,1329,23
ce23btech11018,6,1,1,1,1,0,28.80249038989125,76.30424257419253,2.4260599601106825,0.0,134.66248816696213,303,1361,48
ee24btech11043,4,1,0,0,0,1,31.778344742816145,78.11060291570885,11.834339377848009,0.0,143.50693489398606,439,1392,25
me25btech11011,3,1,0,0,0,1,30.957886980970446,49.28884773493539,1.6993257977893284,0.0,115.65752374003121,448,1427,39
ma23btech11043,6,2,0,1,1,0,19.610940900719015,86.02679425512773,0.24006054545365085,11.503482638648633,122.75269812860618,565,1439,56
bt24btech11014,5,0,0,1,1,0,28.39851097731679,64.1749042553402,8.582989839166437,0.0,175.62087794281618,597,1346,34
me25btech11045,1,1,1,0,0,0,27.789965840197983,61.247675953121515,7.65766294568367,0.0,191.56671670525537,557,1337,41
ma24btech11027,1,2,0,0,0,0,36.60423953110354,68.54535268760723,6.648533843487304,0.0,105.01974809694025,476,1330,36
ce25btech11035,1,0,0,0,0,0,35.99821016391974,74.25872566388904,5.800880563559732,0.0,75.46388020892398,439,1343,16
ma24btech11024,0,0,1,0,0,0,30.296471135360484,52.48720896146776,6.865509781288965,0.0,127.21132906351698,375,1321,25
me23btech11042,3,1,0,0,0,1,35.33359415027163,57.292942898763464,0.70430347051047,15.177413132493173,74.08905425649628,304,1394,36
ma23btech11047,4,1,1,0,0,1,28.390434294349546,63.816117610345216,13.395089024364957,0.0,143.8217090636992,527,1404,30
bt22btech11038,3,1,0,0,0,0,28.18441669422217,47.397916705470294,19.69308955181679,0.0,80.53023108303447,488,1387,37
me24btech11030,6,0,1,1,1,0,19.96271569627495,62.29127749135081,16.33310486403247,0.0,130.75446531515342,543,1373,38
cs22btech11047,4,1,1,0,0,0,26.860533311083554,80.653139860706,1.9845919218929353,0.0,82.27334324360834,404,1391,34
ch24btech11015,1,2,0,0,0,0,15.540837005248967,55.51535578958487,7.982522008899322,0.0,193.183076362625,591,1344,54
cs22btech11021,4,2,0,0,0,1,26.61879395878788,77.80961170533902,7.8751028313081335,0.0,161.35549056346727,469,1399,35
ma22btech11045,1,1,0,0,0,0,24.528176012249283,57.739864482819435,7.999660365871371,0.0,182.65151419569312,389,1368,32
ch24btech11024,3,0,0,0,0,0,28.784694005595668,74.58600570673444,13.226853578894488,0.0,196.8547761187501,350,1362,13
ma25btech11028,1,0,0,0,0,0,30.01143968071752,62.17816727492514,18.77753950284546,0.0,163.5391489012162,413,1433,18
ch25btech11033,6,0,1,1,1,0,28.431293613228547,47.922401859495295,1.2441018305138196,0.0,110.25453391396647,444,1433,26
ce22btech11033,4,1,1,0,0,0,32.10076646993143,54.89296991951056,15.60096174080087,0.0,74.92774994146238,367,1353,31
ma25btech11030,6,1,1,1,1,0,39.06703849257711,89.18557916045759,1.00350700639948,2.8371966359637755,92.27375049432081,384,1349,59
ma25btech11048,4,1,0,0,0,0,28.28560569221218,60.720419885924755,18.716522668056456,0.0,134.2902880279495,440,1397,30
bt24btech11010,4,2,0,0,0,1,30.32310515590266,85.44327031595017,15.703797688456827,10.260719758915343,58.58550402752141,537,1406,51
ee25btech11023,5,0,1,1,1,0,21.66421831411322,63.61242494725793,6.486577582739333,19.090734424450677,156.35022669895693,536,1322,35
me22btech11001,0,2,0,0,0,0,21.47565699134692,55.82285654372081,1.7393404051186612,6.76117589304076,191.70610725087226,386,1392,48
bt23btech11025,1,2,0,0,0,0,30.36966393515251,68.5090815877347,12.20392017971669,18.905057349899877,53.606185604965674,557,1382,43
me23btech11036,0,0,0,0,0,1,29.618051818665833,45.18781717679282,5.908440726275299,0.0,69.99902245138628,585,1407,18
ai22btech11009,0,0,0,0,0,0,29.26240217690972,51.98228924787783,0.6477827555199012,0.0,169.49673035227073,375,1339,12
me24btech11017,4,0,1,0,0,0,15.477678017114565,88.34842573091576,11.423983679258274,0.0,135.38096946941414,371,1373,29
ee25btech11029,6,1,1,1,1,0,32.95707754643193,59.72396954194288,17.341203647578947,5.6359107446969725,193.72071797067443,519,1349,41
bt22btech11012,0,1,0,0,0,0,27.125250223065617,51.51596123414388,2.128235258056892,0.0,162.0946336339785,439,1425,31
ch23btech11017,1,1,1,0,0,1,28.237775671119913,60.55567084974243,8.894255537166716,11.95435480907166,86.24019146536446,596,1414,45
ee22btech11003,6,2,1,1,1,0,37.54565506702275,50.54849453099752,16.832440150855483,1.5767223051270811,119.04935759641477,302,1405,70
ai22btech11023,2,0,1,0,0,0,33.02803116315656,51.004503302363624,5.079695067525069,0.0,157.30461728433346,351,1325,14
ma25btech11030,1,0,0,0,0,0,28.878089450543317,62.21978092255402,6.065658788090542,0.0,90.16887117839507,595,1396,18
bt23btech11009,2,1,0,0,0,0,35.10550786453054,51.62020231072066,12.7126399728008,19.865925849875236,83.8759448335088,470,1409,49
ce25btech11021,6,2,0,1,1,1,30.804421914958844,66.57396231409105,9.159264289790709,0.0,135.39469012021928,334,1322,61
ee25btech11010,5,2,0,1,1,0,25.387036665862357,71.58612091632921,10.374956942294189,0.0,123.80025941481242,365,1389,51
me22btech11050,1,1,1,0,0,0,32.02106432638666,45.31069137942281,15.51754508939386,16.351189234071363,67.09488306788617,551,1432,42
ce25btech11009,3,0,1,0,0,1,33.5793637234548,52.590338302544076,16.47492775901601,2.6200984906218707,124.87796763999957,437,1398,17
cs22btech11019,1,2,0,0,0,0,28.227214856514948,66.20981355316536,13.33870835114434,6.0757373275423365,115.35080991834356,530,1364,54
cs25btech11043,2,1,1,0,0,0,43.157202027132584,50.993097818448845,8.896787186810592,0.0,108.0044674981193,525,1372,44
ch24btech11006,1,2,0,0,0,0,34.198319322155946,57.04809868214943,19.953445265293183,0.0,189.60083833435974,396,1421,42
ce24btech11018,0,0,0,0,0,1,23.212412300790326,88.78009595783263,1.3055351513292779,0.0,147.10132015596366,398,1354,21
ce23btech11028,2,1,1,0,0,0,35.40860847197547,75.07495507325831,9.186873111879128,0.0,120.35374095768253,488,1350,39
ma24btech11041,3,1,0,0,0,0,27.718067693312623,88.62841178248684,7.20119803861452,0.0,152.37675951743,529,1427,34
cs24btech11003,5,2,0,1,1,0,29.97689155548239,83.46761504961736,14.73652911503008,0.0,70.58407199253065,516,1330,54
ce22btech11043,5,0,1,1,1,1,31.85403592770843,81.02537521160545,15.200698036063478,1.926560057449668,115.70661138580756,548,1412,31
ch25btech11001,3,0,1,0,0,0,29.346730155189434,46.24350384529613,10.508902527243592,0.0,199.74781348564352,372,1410,19
ai22btech11016,2,0,0,0,0,1,32.828868498360315,75.78103584858928,13.738828700070208,0.0,92.56969145623236,357,1365,11
ch24btech11042,4,2,0,0,0,0,19.279799371626652,56.428531636614714,12.045126047545144,7.124171664919073,60.61871540167617,381,1406,36
bt24btech11046,5,0,1,1,1,1,30.878101541128803,54.30675212291572,12.808945479865057,6.96907921290247,55.013535865325565,404,1430,21
ma23btech11043,5,0,1,1,1,0,33.324645099529135,52.66896994146673,17.9015311832369,0.0,174.904061952413,517,1434,24
ce22btech11015,4,1,0,0,0,0,26.175141233107016,54.74086191733834,7.090964176572148,0.0,187.2934910568911,306,1368,27
cs24btech11041,6,1,0,1,1,0,31.236564905698085,74.19875649575707,3.804558616402751,0.0,60.65561321050119,585,1373,46
ai25btech11023,0,1,0,0,0,0,22.50204224570908,47.06917771081701,2.6064086634467176,0.0,64.64150571634875,463,1387,33
ee25btech11026,1,1,1,0,0,0,39.86405377359045,74.13355762313796,12.574680301199859,0.0,118.33501729851632,487,1350,48
ch24btech11042,6,1,0,1,1,0,32.07588301161536,74.58888195709912,13.485871474000493,19.61915349980729,153.00179175861942,301,1434,47
ee25btech11049,4,1,1,0,0,0,22.448476227648747,43.91508352397788,11.46863650711322,0.0,191.0745797769516,368,1364,36
me24btech11017,0,1,0,0,0,0,29.712089917256392,40.185120341620845,3.251224118628302,0.0,168.70443786843288,559,1401,44
me22btech11050,0,2,1,0,0,1,34.09401887868631,48.86756808298714,0.1408582924828372,0.0,112.05590478650456,391,1371,31
ma22btech11006,3,0,1,0,0,1,30.78978801390477,57.215401665997966,1.235247725803994,0.0,81.98058970837026,328,1322,19
ai22btech11040,5,0,1,1,1,0,32.374118724948126,75.44821335618887,18.122018573608514,0.0,52.779685039149996,545,1360,32
ee24btech11027,1,0,1,0,0,0,16.782418721009734,43.15915484301132,12.222830464224923,0.0,162.9271212637076,585,1390,26
ce23btech11016,5,2,0,1,1,1,36.726906238138604,61.60336425333089,15.927814452394177,12.31288123078206,111.64138285251649,310,1422,49
ce24btech11044,3,1,1,0,0,1,29.457976035626086,51.823745611934726,4.230134985635361,0.0,125.90670386177548,414,1339,32
ai22btech11021,4,2,0,0,0,0,31.646545726247478,71.60600609578256,8.705854483752681,0.0,162.58162456306064,487,1360,32
ma24btech11027,2,0,0,0,0,1,30.701467053401483,59.14515070186229,3.557681174689993,0.0,60.39616595574422,476,1345,10
ai25btech11047,0,2,0,0,0,0,28.561385130269763,85.58639241708164,14.041651337689931,0.0,69.60089456198935,433,1365,52
ee24btech11043,1,2,0,0,0,0,30.65133309434512,49.61578863921753,9.27872526909782,5.670553153428918,100.31102202445204,561,1345,41
cs22btech11047,5,1,0,1,1,0,26.001850879164806,71.14770220916908,8.93748390400878,0.0,74.68490876440023,568,1417,62
me22btech11017,2,1,0,0,0,0,28.76143078748523,89.22879481880565,13.32814609389838,0.0,66.4223549103491,402,1392,49
me25btech11022,4,2,0,0,0,0,32.341216490357674,40.24342038277516,8.253564967582985,0.0,53.70049318107307,507,1367,58
cs22btech11047,5,2,0,1,1,1,29.89911674149365,82.28210458122106,12.705299747181618,0.0,188.75968346705824,507,1393,49
cs22btech11031,1,1,0,0,0,1,29.045638902234103,79.50416249857189,12.325814967082893,0.0,96.3376584265649,593,1406,21
ai25btech11014,1,2,1,0,0,0,29.0090216181014,41.855665998115114,1.6133953478235474,0.0,101.22041099126636,375,1422,46
bt24btech11014,5,1,0,1,1,1,30.406392110280994,42.49300731995821,2.9981850649427932,0.0,146.77251249513552,464,1434,46
ch22btech11038,0,2,0,0,0,0,29.810534591415845,69.96792935679014,6.833491476369082,19.11301107181825,157.0559388015061,337,1339,54
ch24btech11004,1,0,1,0,0,0,34.91328453636171,66.82628041967241,17.198814283668185,0.0,62.568645882239245,590,1395,28
cs24btech11003,1,1,0,0,0,0,27.282636205852324,80.18467259386512,16.356441471323812,0.0,118.24353195916056,545,1352,37
ma23btech11043,1,1,1,0,0,0,32.923416409589606,46.44512925367495,14.399936052548926,0.0,103.41009486787172,314,1355,46
ma25btech11030,5,0,1,1,1,1,28.148872040668227,46.340089956338005,17.33191377191007,0.0,114.1312783039568,328,1342,19
ai22btech11039,4,0,0,0,0,0,30.251859483364985,59.709524729995394,16.96406257105791,0.0,123.54687341147425,537,1352,21
ai23btech11016,1,0,0,0,0,1,33.17765099916449,76.30306630312373,18.35545304988879,0.0,129.16430980046715,495,1393,15
ee25btech11010,2,1,0,0,0,0,32.430923957809696,67.58561860099834,7.131178423537774,9.498752368799412,106.60227158454674,572,1351,38
ai22btech11038,2,0,1,0,0,0,20.253141223387885,73.20165165556588,4.7512002913553975,0.0,158.41530140161933,400,1389,24
ch25btech11014,6,2,0,1,1,1,31.53672808353985,57.62646206502586,14.453671489489732,7.065280657937581,68.99556882775616,572,1333,44
ce24btech11005,4,2,1,0,0,0,28.761237908801455,56.07665044191704,0.6930141962803416,3.4172728518032036,124.03154893841796,526,1383,42
ce22btech11020,1,1,0,0,0,0,28.70012005665883,81.85809820975129,17.30589118402049,12.454081227517092,67.27336811043055,314,1350,45
ee24btech11036,4,1,0,0,0,0,25.653477293962297,40.901450447945614,2.046643590681263,8.799475560250208,145.61037218138324,389,1434,40
cs24btech11036,1,2,1,0,0,1,27.190789503241504,65.61302819381302,9.747496158424898,12.876739501044044,136.96571626437196,480,1358,45
cs23btech11018,6,0,0,1,1,0,32.39680476714711,89.78095298113533,13.313010012519195,10.376119963384676,52.377776334781444,450,1332,32
